animffi,e22c5282a7e9d3dd2f9fe5905d1628dab0be5b47f91cf06a100fdf18a71a9ac9
cyber_bro,b9ab9071c85cad32f40ef1634f2af0ac9e5c13e7985c2594a5c038ddb26e2879
pypri_sss_tt,a311b8718d42ad57ca54844a794cbb6d212f47801baafe62086208b82caecf0b
films8901,d73f93077a61476578a7f8328c32ae5f5c80945eb4607f3b5348683756ba2020
yuliksks,e8ef85b70725155d205ea700135cbaae1eba7fb6124b692401bfa19d1f99a125
titi_tati_too,0502a9a4c6af981b87503db27b72bda4f97eaa7199618f9165c84bcd0bbe0fd9
marinad_sh,6f8af01eed5494d1dd44087b69e57c0b6c5d11905f29012afda577ae2721a56d
uz_veze2026,f918395740cd963191140e1c1d799bddc1b3040838e443d9461d16895c49abe0
videostar_popular,17888b95ac73ddfb66519693c3de2c5118db92917a3254785fabecb74b2e3197
ginny_georgia,aa7b443bf1b28843fca2237cd54ccc97d8ecd995725b2100a8c8347b21e61425
